,0
Авдеев Александр Александрович,ЕР
Адучиев Батор Канурович,ЕР
Азимов Рахим Азизбоевич,ЕР
Аксаков Анатолий Геннадьевич,СР
Алексеева Татьяна Олеговна,ЕР
Альшевских Андрей Геннадьевич,ЕР
Ананских Игорь Александрович,СР
Аникеев Григорий Викторович,ЕР
Антонова Лидия Николаевна,ЕР
Арефьев Николай Васильевич,КПРФ
Аршба Отари Ионович,ЕР
Аршинова Алёна Игоревна,ЕР
Аскендеров Заур Асевович,ЕР
Афонин Юрий Вячеславович,КПРФ
Афонский Владимир Игорьевич,ЕР
Байгускаров Зариф Закирович,ЕР
Балыбердин Алексей Владимирович,ЕР
Балыхин Григорий Артёмович,ЕР
Бальбек Руслан Исмаилович,ЕР
Бариев Марат Мансурович,ЕР
Барышев Андрей Викторович,ЕР
Баталова Рима Акбердиновна,ЕР
Бахарев Константин Михайлович,ЕР
Бахметьев Виталий Викторович,ЕР
Белеков Иван Итулович,ЕР
Белик Дмитрий Анатольевич,ЕР
Белоусов Вадим Владимирович,СР
Белых Ирина Викторовна,ЕР
Березуцкий Юрий Николаевич,ЕР
Беспалова Марина Павловна,ЕР
Бессараб Светлана Викторовна,ЕР
Бессарабов Даниил Владимирович,ЕР
Бикбаев Ильдар Зинурович,ЕР
Бифов Анатолий Жамалович,КПРФ
Блоцкий Владимир Николаевич,КПРФ
Богодухов Владимир Иванович,ЕР
Богуславский Ирек Борисович,ЕР
Боева Наталья Дмитриевна,ЕР
Боженов Сергей Андреевич,ЕР
Бокк Владимир Владимирович,ЕР
Бондаренко Елена Вениаминовна,ЕР
Бондарь Оксана Андреевна,ЕР
Бортко Владимир Владимирович,КПРФ
Борцов Николай Иванович,ЕР
Боташев Расул Борисович,ЕР
Боярский Сергей Михайлович,ЕР
Брыкин Николай Гаврилович,ЕР
Брыксин Александр Юрьевич,ЕР
Бугера Михаил Евгеньевич,ЕР
Будуев Николай Робертович,ЕР
Бузилов Валерий Викторович,ЕР
Букачаков Родион Борисович,ЕР
Булавинов Вадим Евгеньевич,ЕР
Бурматов Владимир Владимирович,ЕР
Бурнашов Алексей Леонидович,ЕР
Валеев Эрнест Абдулович,ЕР
Валенчук Олег Дорианович,ЕР
Валуев Николай Сергеевич,ЕР
Василенко Александр Борисович,ЕР
Васильев Александр Николаевич,ЕР
Веллер Алексей Борисович,ЕР
Ветлужских Андрей Леонидович,ЕР
Власов Василий Максимович,ЛДПР
Водолацкий Виктор Петрович,ЕР
Воевода Алексей Иванович,ЕР
Волков Юрий Геннадьевич,ЛДПР
Володин Вячеслав Викторович,ЕР
Воробьев Александр Васильевич,ЕР
Воронина Татьяна Евгеньевна,ЕР
Вострецов Сергей Алексеевич,ЕР
Вторыгина Елена Андреевна,ЕР
Выборный Анатолий Борисович,ЕР
Вяткин Дмитрий Федорович,ЕР
Гаврилов Сергей Анатольевич,КПРФ
Гаджиев Магомед Тажудинович,ЕР
Гаджиев Мурад Станиславович,ЕР
Гадыльшин Мурад Асфандиарович,ЕР
Газгиреев Юшаа Орснакиевич,ЕР
Газзаев Валерий Георгиевич,СР
Ганзя Вера Анатольевна,КПРФ
Ганиев Фарит Глюсович,ЕР
Гартунг Валерий Карлович,СР
Геккиев Заур Далхатович,ЕР
Герасименко Николай Федорович,ЕР
Германова Ольга Михайловна,ЕР
Гетта Антон Александрович,ЕР
Гильмутдинов Ильдар Ирекович,ЕР
Гладких Борис Михайлович,ЕР
Говорин Николай Васильевич,ЕР
Гоголева Татьяна Степановна,ЕР
Голушко Андрей Иванович,ЕР
Гончар Николай Николаевич,ЕР
Горелкин Антон Вадимович,ЕР
Грешневиков Анатолий Николаевич,СР
Гулевский Михаил Владимирович,ЕР
Гусева Ирина Михайловна,ЕР
Гутенев Владимир Владимирович,ЕР
Дамдинов Алдар Валерьевич,ЕР
Данчикова Галина Иннокентьевна,ЕР
Делимханов Адам Султанович,ЕР
Демченко Иван Иванович,ЕР
Дерябкин Виктор Ефимович,ЕР
Дзюба Виктор Викторович,ЕР
Дивинский Игорь Борисович,ЕР
Диденко Алексей Николаевич,ЛДПР
Догаев Ахмед Шамханович,ЕР
Дорохин Павел Сергеевич,КПРФ
Драпеко Елена Григорьевна,СР
Драчев Владимир Петрович,ЕР
Духанина Любовь Николаевна,ЕР
Евланов Владимир Лазаревич,ЕР
Езерский Николай Николаевич,КПРФ
Езубов Алексей Петрович,ЕР
Елыкомов Валерий Анатольевич,ЕР
Емельянов Михаил Васильевич,СР
Есяков Сергей Яковлевич,ЕР
Ефимов Виталий Борисович,ЕР
Жарков Антон Викторович,ЕР
Железняк Сергей Владимирович,ЕР
Жигарев Сергей Александрович,ЛДПР
Жириновский Владимир Вольфович,ЛДПР
Жуков Александр Дмитриевич,ЕР
Жупиков Александр Владимирович,ЕР
Журавлев Алексей Александрович,Вне фракций
Журова Светлана Сергеевна,ЕР
Завальный Павел Николаевич,ЕР
Заварзин Виктор Михайлович,ЕР
Загребин Алексей Егорович,ЕР
Затулин Константин Федорович,ЕР
Земцов Николай Георгиевич,ЕР
Зобнев Виктор Викторович,ЕР
Зубарев Виктор Владиславович,ЕР
Зюганов Геннадий Андреевич,КПРФ
Иванов Валерий Викторович,ЕР
Иванов Максим Анатольевич,ЕР
Иванов Николай Николаевич,КПРФ
Иванов Сергей Владимирович,ЛДПР
Игнатов Виктор Александрович,ЕР
Игошин Игорь Николаевич,ЕР
Изотов Алексей Николаевич,ЕР
Ильтяков Александр Владимирович,ЕР
Исаев Андрей Константинович,ЕР
Исламов Дмитрий Викторович,ЕР
Ишсарин Рамзил Рафаилович,ЕР
Ищенко Александр Николаевич,ЕР
Кабанова Валентина Викторовна,ЕР
Кавинов Артем Александрович,ЕР
Казаков Виктор Алексеевич,ЕР
Казакова Ольга Михайловна,ЕР
Казанков Сергей Иванович,КПРФ
Калашников Леонид Иванович,КПРФ
Каличенко Андрей Владимирович,ЕР
Каминский Александр Викторович,ЕР
Канаев Алексей Валерианович,ЕР
Каргинов Сергей Генрихович,ЛДПР
Карлов Георгий Александрович,ЕР
Кармазина Раиса Васильевна,ЕР
Карпов Анатолий Евгеньевич,ЕР
Касаева Татьяна Викторовна,ЕР
Катасонов Сергей Михайлович,ЛДПР
Катенев Владимир Иванович,ЕР
Качкаев Павел Рюрикович,ЕР
Кашин Владимир Иванович,КПРФ
Квитка Иван Иванович,ЕР
Кидяев Виктор Борисович,ЕР
Клыканов Александр Борисович,ЕР
Кобилев Алексей Геннадьевич,ЕР
Ковпак Лев Игоревич,ЕР
Когогина Альфия Гумаровна,ЕР
Козенко Андрей Дмитриевич,ЕР
Козловский Александр Николаевич,ЕР
Колесников Олег Алексеевич,ЕР
Коломейцев Николай Васильевич,КПРФ
Кононов Владимир Михайлович,ЕР
Корниенко Алексей Викторович,КПРФ
Костенко Наталья Васильевна,ЕР
Косяненко Евгений Викторович,ЕР
Коткин Сергей Николаевич,ЕР
Кравец Александр Алексеевич,КПРФ
Кравченко Денис Борисович,ЕР
Красноштанов Алексей Николаевич,ЕР
Красов Андрей Леонидович,ЕР
Крашенинников Павел Владимирович,ЕР
Кривоносов Сергей Владимирович,ЕР
Крупенников Владимир Александрович,ЕР
Крючек Сергей Иванович,СР
Кувшинова Наталья Сергеевна,ЕР
Кувычко Анна Александровна,ЕР
Кудрявцев Максим Георгиевич,ЕР
Кузьмин Михаил Владимирович,ЕР
Кулиева Василина Васильевна,ЛДПР
Куринный Алексей Владимирович,КПРФ
Лавриненко Алексей Федорович,ЕР
Лавров Олег Леонидович,ЛДПР
Ламейкин Дмитрий Викторович,ЕР
Лебедев Игорь Владимирович,ЛДПР
Лебедев Олег Александрович,КПРФ
Левицкий Юрий Андреевич,ЕР
Литовченко Анатолий Григорьевич,ЕР
Лоор Иван Иванович,ЕР
Луговой Андрей Константинович,ЛДПР
Лысаков Вячеслав Иванович,ЕР
Лященко Алексей Вадимович,ЕР
Маграмов Абдулмажид Варисович,ЕР
Макаров Андрей Михайлович,ЕР
Макиев Зураб Гайозович,ЕР
Максимов Александр Александрович,ЕР
Максимов Василий Юрьевич,ЕР
Максимова Надежда Сергеевна,ЕР
Максимова Светлана Викторовна,ЕР
Марданшин Рафаэль Мирхатимович,ЕР
Маринин Сергей Владимирович,ЛДПР
Марков Андрей Павлович,ЕР
Марченко Евгений Евгеньевич,ЕР
Марьяш Ирина Евгеньевна,ЕР
Медведев Иван Владимирович,ЕР
Мельник Владимир Иванович,ЕР
Мельников Иван Иванович,КПРФ
Милонов Виталий Валентинович,ЕР
Минкин Иршат Султанович,ЕР
Миронов Сергей Михайлович,СР
Миронова Валентина Михайловна,ЕР
Митина Елена Анатольевна,ЕР
Мищеряков Юрий Николаевич,ЕР
Морозов Антон Юрьевич,ЛДПР
Морозов Дмитрий Анатольевич,ЕР
Москвин Денис Павлович,ЕР
Москвичев Евгений Сергеевич,ЕР
Мукабенова Марина Алексеевна,ЕР
Муцоев Зелимхан Аликоевич,ЕР
Назарова Наталья Васильевна,ЕР
Напсо Юрий Аисович,ЛДПР
Натаров Сергей Васильевич,ЛДПР
Неверов Сергей Иванович,ЕР
Николаев Николай Петрович,ЕР
Николаева Виктория Викторовна,ЕР
Никонов Вячеслав Алексеевич,ЕР
Нилов Олег Анатольевич,СР
Нилов Ярослав Евгеньевич,ЛДПР
Новиков Владимир Михайлович,ЕР
Новиков Дмитрий Георгиевич,КПРФ
Носов Александр Алексеевич,ЕР
Огуль Леонид Анатольевич,ЕР
Окунева Ольга Владимировна,ЕР
Олейников Юрий Павлович,ЕР
Омаров Гаджимурад Заирбекович,СР
Онищенко Геннадий Григорьевич,ЕР
Ооржак Мерген Дадар-оолович,ЕР
Осадчий Николай Иванович,КПРФ
Осипов Илья Владимирович,ЕР
Павлова Ольга Ивановна,ЕР
Палкин Андрей Васильевич,ЕР
Панина Елена Владимировна,ЕР
Панков Николай Васильевич,ЕР
Пантелеев Сергей Михайлович,КПРФ
Парфенов Денис Андреевич,КПРФ
Пахомов Сергей Александрович,ЕР
Пашин Виталий Львович,ЛДПР
Перминов Дмитрий Сергеевич,ЕР
Петров Александр Петрович,ЕР
Петров Анатолий Ильич,ЕР
Петров Сергей Валериевич,ЕР
Петров Юрий Александрович,ЕР
Петрунин Николай Юрьевич,ЕР
Пивненко Валентина Николаевна,ЕР
Пилюс Наталия Николаевна,ЕР
Пимашков Петр Иванович,ЕР
Пинский Виктор Витальевич,ЕР
Пирог Дмитрий Юрьевич,ЕР
Пискарев Василий Иванович,ЕР
Плетнева Тамара Васильевна,КПРФ
Плотников Владимир Николаевич,ЕР
Поздняков Владимир Георгиевич,КПРФ
Поклонская Наталья Владимировна,ЕР
Поляков Александр Алексеевич,ЕР
Пономарев Аркадий Николаевич,ЕР
Пономарёв Алексей Алексеевич,КПРФ
Прокопьев Александр Сергеевич,ЕР
Пушкарев Владимир Александрович,ЕР
Пушкина Оксана Викторовна,ЕР
Пятикоп Александр Иванович,ЕР
Рахматуллина Зугура Ягануровна,ЕР
Рашкин Валерий Федорович,КПРФ
Ревенко Евгений Васильевич,ЕР
Резник Владислав Матусович,ЕР
Ремезков Александр Александрович,СР
Ресин Владимир Иосифович,ЕР
Роднина Ирина Константиновна,ЕР
Романенко Роман Юрьевич,ЕР
Романов Михаил Валентинович,ЕР
Рудченко Валентина Васильевна,ЕР
Рыжак Николай Иванович,СР
Саблин Дмитрий Вадимович,ЕР
Савастьянова Ольга Викторовна,ЕР
Савельев Дмитрий Иванович,ЛДПР
Савицкая Светлана Евгеньевна,КПРФ
Савченко Светлана Борисовна,ЕР
Сазонов Дмитрий Валерьевич,ЕР
Сайтиев Бувайсар Хамидович,ЕР
Санина Наталья Петровна,ЕР
Сапко Игорь Вячеславович,ЕР
Сапрыкина Татьяна Васильевна,ЕР
Саралиев Шамсаил Юнусович,ЕР
Сафаралиев Гаджимет Керимович,ЕР
Свинцов Андрей Николаевич,ЛДПР
Свищев Дмитрий Александрович,ЛДПР
Селезнев Валерий Сергеевич,ЛДПР
Селиверстов Виктор Валентинович,ЕР
Селимханов Магомед Саламович,ЕР
Серова Елена Олеговна,ЕР
Серпер Евгений Александрович,ЕР
Сибагатуллин Фатих Саубанович,ЕР
Сидоров Александр Леонидович,ЕР
Симановский Леонид Яковлевич,ЕР
Синельщиков Юрий Петрович,КПРФ
Синяговский Владимир Ильич,ЕР
Ситников Алексей Владимирович,ЕР
Скляр Геннадий Иванович,ЕР
Скоч Андрей Владимирович,ЕР
Скриванов Дмитрий Станиславович,ЕР
Скруг Валерий Степанович,ЕР
Слуцкий Леонид Эдуардович,ЛДПР
Слыщенко Константин Григорьевич,ЕР
Смирнов Юрий Валентинович,ЕР
Смолин Олег Николаевич,КПРФ
Солнцева Светлана Юрьевна,ЕР
Соломатина Татьяна Васильевна,ЕР
Сопчук Сергей Андреевич,ЕР
Станкевич Игорь Валентинович,ЕР
Старовойтов Александр Сергеевич,ЛДПР
Старшинов Михаил Евгеньевич,ЕР
Строкова Елена Викторовна,ЛДПР
Сураев Максим Викторович,ЕР
Сухарев Иван Константинович,ЛДПР
Таймазов Артур Борисович,ЕР
Тайсаев Казбек Куцукович,КПРФ
Тарасенко Михаил Васильевич,ЕР
Тен Сергей Юрьевич,ЕР
Терентьев Александр Васильевич,СР
Терентьев Михаил Борисович,ЕР
Терешкова Валентина Владимировна,ЕР
Тетерин Иван Михайлович,ЕР
Тимофеева Ольга Викторовна,ЕР
Тихомиров Анатолий Федорович,ЕР
Ткачев Алексей Николаевич,ЕР
Толстой Петр Олегович,ЕР
Торощин Игорь Андреевич,ЛДПР
Третьяк Владислав Александрович,ЕР
Тумусов Федот Семёнович,СР
Туров Артём Викторович,ЕР
Тутова Лариса Николаевна,ЕР
Умаханов Умахан Магомедгаджиевич,ЕР
Фаррахов Айрат Закиевич,ЕР
Федоров Евгений Алексеевич,ЕР
Федяев Павел Михайлович,ЕР
Фетисов Вячеслав Александрович,ЕР
Фирюлин Иван Иванович,ЕР
Фокин Александр Иванович,ЕР
Фролова Тамара Ивановна,ЕР
Хайров Ринат Шамильевич,ЕР
Харитонов Николай Михайлович,КПРФ
Харсиев Алихан Анатольевич,ЕР
Хасанов Мурат Русланович,ЕР
Хованская Галина Петровна,СР
Хор Глеб Яковлевич,ЕР
Хохлов Алексей Алексеевич,ЕР
Хуснулин Равиль Камильевич,ЕР
Цыбизова Татьяна Игоревна,ЕР
Чайка Валентин Васильевич,ЕР
Чепа Алексей Васильевич,СР
Чепиков Сергей Владимирович,ЕР
Черкасов Кирилл Игоревич,ЛДПР
Черкесов Леонид Ильич,ЕР
Чернышев Михаил Анатольевич,ЕР
Черняева Нина Алексеевна,ЕР
Чижов Сергей Викторович,ЕР
Чилингаров Артур Николаевич,ЕР
Чиндяскин Сергей Викторович,ЕР
Шайхутдинов Рифат Габдулхакович,Вне фракций
Шаккум Мартин Люцианович,ЕР
Шаманов Владимир Анатольевич,ЕР
Шаргунов Сергей Александрович,КПРФ
Швыткин Юрий Николаевич,ЕР
Шеин Олег Васильевич,СР
Шеремет Михаил Сергеевич,ЕР
Шерин Александр Николаевич,ЛДПР
Шишкоедов Василий Михайлович,ЕР
Шойгу Лариса Кужугетовна,ЕР
Шолохов Александр Михайлович,ЕР
Шперов Павел Валентинович,ЛДПР
Шрейдер Виктор Филиппович,ЕР
Шубин Игорь Николаевич,ЕР
Шулепов Евгений Борисович,ЕР
Шхагошев Адальби Люлевич,ЕР
Щаблыкин Максим Иванович,ЕР
Щапов Михаил Викторович,КПРФ
Эмиргамзаев Абдулгамид Гасанович,ЕР
Юмашева Инга Альбертовна,ЕР
Юрков Дмитрий Васильевич,ЕР
Ющенко Александр Андреевич,КПРФ
Ямпольская Елена Александровна,ЕР
Яровая Ирина Анатольевна,ЕР
Курдюмов Александр Борисович,ЛДПР
Антошкин Николай Тимофеевич,ЕР
Кобзев Юрий Викторович,ЕР
Шурчанов Валентин Сергеевич,КПРФ
